-- create and select the database
drop database if exists bmdb;
create database bmdb;
use bmdb;

-- create movie table
-- drop table if exists movie;
create table Movie (
ID			int 				primary key auto_increment,
Title		varchar(255)		not null unique,	
Year		int					not null,
Rating		varchar(5)			not null,
Director	varchar(255)		not null
);

create table Actor (
ID			int					primary key auto_increment,
FirstName	varchar(255)		not null,
LastName	varchar(255)		not null,
Gender		varchar(6)			not null,
BirthDate	date				not null,

CONSTRAINT unq_actor unique (FirstName, LastName, BirthDate)
);

-- create Credits table 
-- biz rule - combo of actor+movie must be unique 
create table Credit (
ID			int					primary key auto_increment,
ActorID		int					not null,
MovieID		int					not null,
Role		varchar(255)		not null,

Foreign Key (ActorID) references Actor(ID),
Foreign Key (MovieID) references Movie(ID),
CONSTRAINT act_mov unique (ActorID, MovieID)
);

-- add some movies
insert Movie (ID, title, year, rating, director) Values 
	(1, 'The Big Lebowski', 1998, 'R', 'Joel & Ethan Coen'),
	(2, 'Mad Max: Fury Road', 2015, 'R', 'George Miller'),
    (3, 'Green Book', 2018, 'R', 'Peter Farrelly'),
    (4, 'Django Unchained', 2012, 'R', 'Quentin Tarantino'),
    (5, 'Interstellar', 2014, 'PG-13', 'Christopher Nolan'),
    (6, 'The Wolf of Wall Street', 2013, 'R', 'Martin Scorsese'), 
    (7, 'The Road to El Dorado', 2000, 'PG', 'Bibo Bergeron'),
	(8, 'He Got Game', 1998, 'R', 'Spike Lee'),
    (9, 'Blade Runner', 1982, 'R', 'Ridley Scott'),
    (10, 'Isle of Dogs', 2018, 'PG-13', 'Wes Anderson'),
    (11, 'Mid90s', 2018, 'R', 'Jonah Hill'),
    (12, 'TRON', 1982, 'PG', 'Steven Lisberger'),
    (13, 'Guardians of the Galaxy', 2014, 'PG-13', 'James Gunn'),
    (14, 'Jojo Rabbit', 2019, 'PG-13', 'Taika Waititi'),
    (15, 'Toy Story', 1995, 'G', 'John Lasseter'),
    (16, 'We Own the Night', 2007, 'R', 'James Gray'),
    (17, 'Knives Out', 2019, 'PG-13', 'Rian Johnson'),
    (18, 'The Godfather', 1972, 'R', 'Francis Ford Coppola'),
    (19, 'Parasite', 2019, 'R', 'Bong Joon Ho'),
    (20, '2001: A Space Odyssey', 1968, 'G', 'Stanley Kubrick'),
    (21, 'Goodfellas', 1990, 'R', 'Martin Scorsese'),
    (22, 'Alita: Battle Angel', 2019, 'PG-13', 'Robert Rodriguez'),
    (23, 'Fight Club', 1999, 'R', 'David Fincher'),
    (24, 'Watchmen', 2009, 'R', 'Zack Snyder'),
    (25, 'The Lighthouse', 2019, 'R', 'Robert Eggers'),
    (26, 'Wall-E', 2008, 'G', 'Andrew Stanton'),
    (27, 'Dunkirk', 2017, 'PG-13', 'Christopher Nolan'),
    (28, 'World War Z', 2013, 'PG-13', 'Marc Forster'),
    (29, 'The Goonies', 1985, 'PG', 'Richard Donner'),
    (30, 'Akira', 1988, 'R', 'Katsuhiro Otomo'),
    (31, 'The Royal Tenebaums', 2001, 'R', 'Wes Anderson'),
    (32, 'Taxi Driver', 1976, 'R', 'Martin Scorsese'),
    (33, 'Spider-Man: Into the Spider-Verse', 2018, 'PG', 'Peter Ramsey'),
    (34, 'Kill Bill Vol. 1', 2003, 'R', 'Quentin Tarantino'),
    (35, 'Leon: The Professional', 1994, 'R', 'Luc Besson'),
    (36, 'Waynes World', 1992, 'PG-13', 'Penelope Spheeris'),
    (37, 'Super Fly', 1972, 'R', 'Gordon Parks Jr.'),
    (38, 'School of Rock', 2003, 'PG-13', 'Richard Linklater'),
    (39, 'Uncut Gems', 2019, 'R', 'Benny & Josh Safdie'),
    (40, 'Cool Runnings', 1993, 'PG', 'Jon Turteltaub'),
    (41, 'Ferris Buellers Day Off', 1986, 'PG-13', 'John Hughes'),
    (42, 'Thor: Ragnarok', 2017, 'PG-13', 'Taika Waititi'),
    (43, 'Snatch', 2000, 'R', 'Guy Ritche'),
    (44, 'The Revenant', 2015, 'R', 'Alejandro G. Inarritu'),
    (45, 'Holes', 2003, 'PG', 'Andrew Davis'),
    (46, 'Superbad', 2007, 'R', 'Greg Mottola'),
    (47, 'Dazed and Confused', 1993, 'R', 'Richard Linklater'),
    (48, 'Mrs. Doubtfire', 1993, 'PG-13', 'Chris Columbus'),
    (49, 'Despicable Me', 2010, 'PG', 'Pierre Coffin & Chris Renaud'),
    (50, 'Talladega Nights: The Ballad of Ricky Bobby', 2006, 'PG-13', 'Adam Mckay'),
    (51, 'No Country for Old Men', 2008, 'R', 'Joel & Ethan Coen'),
    (52, 'Bloodsport', 1988, 'R', 'Newt Arnold'),
    (53, 'Spider-Man: Homecoming', 2017, 'PG-13', 'Jon Watts'),
    (54, 'Scarface', 1983, 'R', 'Brian De Palma'),
    (55, 'Onward', 2020, 'PG', 'Dan Scanlon'),
    (56, 'The Good, the Bad and the Ugly', 1966, 'R', 'Sergio Leone'),
    (57, 'Forrest Gump', 1994, 'PG-13', 'Robert Zemeckis'),
    (58, 'Apocalypse Now', 1979, 'R', 'Francis Ford Coppola'),
    (59, 'The Dark Knight', 2008, 'PG-13', 'Christopher Nolan'),
    (60, 'Se7en', 1995, 'R', 'David Fincher'),
    (61, 'Inglorious Basterds', 2008, 'R', 'Quentin Tarantino'),
    (62, 'Head of State', 2003, 'PG-13', 'Chris Rock'),
    (63, 'The Shawshank Redemption', 1994, 'R', 'Frank Darabont'),
    (64, 'Arrival', 2016, 'PG-13', 'Denis Villeneuve'),
    (65, 'The Matrix', 1999, 'R', 'Lana & Lily Wachowski'),
    (66, 'The Big Short', 2015, 'R', 'Adam McKay'),
    (67, 'Jurassic Park', 1993, 'PG-13', 'Steven Spielberg'),
    (68, 'Get Out', 2017, 'R', 'Jordan Peele'),
    (69, 'Drive', 2011, 'R', 'Nicolas Winding Refn'),
    (70, 'Pootie Tang', 2001, 'PG-13', 'Louis C.K.'),
    (71, 'The Avengers', 2012, 'PG-13', 'Anthony & Joe Russo'),
	(72, 'Rounders', 1998, 'R', 'John Dahl'),
	(73, 'Kung Fu Hustle', 2004, 'R', 'Stephen Chow'),
	(74, 'Rookie of the Year', 1993, 'PG', 'Daniel Stern'),
	(75, 'Snowpiercer', 2013, 'R', 'Bong Joon Ho'),
	(76, 'Rogue One: A Star Wars Story', 2016, 'PG-13', 'Gareth Edwards'),
	(77, 'The Irishman', 2019, 'R', 'Martin Scorsese'),
	(78, 'Avatar', 2009, 'PG-13', 'James Cameron'),
	(79, 'Vice', 2018, 'R', 'Adam McKay'),
	(80, 'Ratatouille', 2007, 'G', 'Brad Bird'),
    (81, 'The Silence of the Lambs', 1991, 'R', 'Jonathan Demme'),
    (82, 'Home Alone', 1990, 'PG', 'Chris Columbus'),
    (83, 'Birdman or (The Unexpected Virtue of Ignorance)', 2014, 'R', 'Alejandro G. Inarritu'),
    (84, 'The Shining', 1980, 'R', 'Stanley Kubrick'),
    (85, 'Casino Royale', 2006, 'PG-13', 'Martin Campbell'),
    (86, 'The Departed', 2006, 'R', 'Martin Scorsese'),
    (87, 'Finding Nemo', 2003, 'G', 'Andrew Stanton'),
    (88, 'The Prestige', 2006, 'PG-13', 'Christopher Nolan'),
    (89, 'Braveheart', 1995, 'R', 'Mel Gibson'),
    (90, 'Unforgiven', 1992, 'R', 'Clint Eastwood'),
    (91, 'Rocky', 1976, 'PG', 'John G. Avildsen'),
    (92, 'The Incredibles', 2004, 'G', 'Brad Bird'),
    (93, 'True Romance', 1993, 'R', 'Tony Scott'),
    (94, 'The Sting', 1973, 'PG', 'George Roy Hill'),
    (95, 'The Ballad of Buster Sruggs', 2018, 'R', 'Joel & Ethan Coen'),
    (96, 'Seven Samurai', 1954, 'NR', 'Akira Kurosawa'),
    (97, 'Anchorman: The Legend of Ron Burgandy', 2004, 'PG-13', 'Adam McKay'),
    (98, 'Darkest Hour', 2017, 'PG-13', 'Joe Wright'),
    (99, 'Logan Lucky', 2017, 'PG-13', 'Steven Soderbergh'),
    (100, 'Fargo', 1996, 'R', 'Joel & Ethan Coen');
    
insert actor (ID, firstName, lastName, gender, birthDate) values 
	(1, 'Jeff', 'Bridges', 'Male', '1949-12-04'),
	(2, 'John', 'Goodman', 'Male', '1952-06-20'),
	(3, 'Julianne', 'Moore', 'Female', '1960-12-03'),
	(4, 'Tom', 'Hardy', 'Male', '1977-11-17'),
	(5, 'Charlize', 'Theron', 'Female', '1975-08-07'),
    (6, 'Viggo', 'Mortensen', 'Male', '1958-10-20'),
    (7, 'Mahershala', 'Ali', 'Male', '1974-02-16'),
    (8, 'Jamie', 'Foxx', 'Male', '1967-12-13'),
    (9, 'Leonardo', 'DiCaprio', 'Male', '1974-11-11'),
    (10, 'Christoph', 'Waltz', 'Male', '1956-10-04'),
    (11, 'Matthew', 'McConughey', 'Male', '1969-11-04'),
    (12, 'Jessica', 'Chastain', 'Female', '1977-03-24'),
    (13, 'Jonah', 'Hill', 'Male', '1983-12-20'),
    (14, 'Margot', 'Robbie', 'Female', '1990-07-02'),
    (15, 'Kevin', 'Kline', 'Male', '1947-10-24'),
    (16, 'Kenneth', 'Branagh', 'Male', '1960-12-10'),
    (17, 'Denzel', 'Washington', 'Male', '1954-12-28'),
    (18, 'Ray', 'Allen', 'Male', '1975-07-20'),
    (19, 'Harrison', 'Ford', 'M', '1942-07-13'),
    (20, 'Sean', 'Young', 'Female', '1959-11-20'),
    (21, 'Bryan', 'Cranston', 'Male', '1956-03-07'),
    (22, 'Frances', 'McDormand', 'Female', '1957-06-23'),
    (23, 'Sunny', 'Suljic', 'Male', '2005-08-10'),
    (24, 'Katherine', 'Waterson', 'Female', '1980-03-03'),
    (25, 'Bruce', 'Boxleitner', 'Male', '1950-06-12'),
    (26, 'Chris', 'Pratt', 'Male', '1979-07-21'),
    (27, 'Zoe', 'Saldana', 'Female', '1978-07-19'),
    (28, 'Roman Griffin', 'Davis', 'Male', '2007-03-05'),
    (29, 'Scarlett', 'Johansson', 'Female', '1984-11-22'),
    (30, 'Tom', 'Hanks', 'Male', '1956-07-09'),
    (31, 'Tim', 'Allen', 'Male', '1953-06-13'),
    (32, 'Joaquin', 'Phoenix', 'Male', '1974-10-28'),
    (33, 'Mark', 'Wahlberg', 'Male', '1971-06-05'),
    (34, 'Daniel', 'Craig', 'Male', '1968-03-02'),
    (35, 'Ana', 'de Armas', 'Female', '1988-04-30'),
    (36, 'Marlon', 'Brando', 'Male', '1924-04-03'),
    (37, 'Al', 'Pacino', 'Male', '1940-04-25'),
    (38, 'Kang-ho', 'Song', 'Male', '1967-01-17'),
    (39, 'So-dam', 'Park', 'Female', '1991-09-08'),
    (40, 'Keir', 'Dullea', 'Male', '1936-05-30'),
    (41, 'Gary', 'Lockwood', 'Male', '1937-02-21'),
    (42, 'Ray', 'Liotta', 'Male', '1954-12-18'),
    (43, 'Robert', 'De Niro', 'Male', '1943-08-17'),
    (44, 'Joe', 'Pesci', 'Male', '1943-02-09'),
    (45, 'Rosa', 'Salazar', 'Female', '1985-07-16'),
    (46, 'Edward', 'Norton', 'Male', '1969-08-08'),
    (47, 'Brad', 'Pitt', 'Male', '1963-12-18'),
    (48, 'Helena', 'Bonham Carter', 'Female', '1966-05-26'),
    (49, 'Jackie', 'Earle Haley', 'Male', '1961-07-14'),
    (50, 'Patrick', 'Wilson', 'Male', '1973-07-03'),
    (51, 'Malin', 'Akerman', 'Female', '1978-05-12'),
    (52, 'Willem', 'Dafoe', 'Male', '1955-07-22'),
    (53, 'Robert', 'Pattinson', 'Male', '1986-05-13'),
    (54, 'Ben', 'Burtt', 'Male', '1948-07-12'),
    (55, 'Elissa', 'Knight', 'Female', '1975-04-15'),
    (56, 'Fionn', 'Whitehead', 'Male', '1997-07-18'),
    (57, 'Barry', 'Keoghan', 'Male', '1992-10-17'),
    (58, 'Mireille', 'Enos', 'Female', '1975-09-22'),
    (59, 'Sean', 'Astin', 'Male', '1971-02-25'),
    (60, 'Josh', 'Brolin', 'Male', '1968-02-12'),
    (61, 'Mitsuo', 'Iwata', 'Male', '1967-07-31'),
    (62, 'Nozomu', 'Sasaki', 'Male', '1967-01-25'),
    (63, 'Ben', 'Stiller', 'Male', '1965-11-30'),
    (64, 'Gwyneth', 'Paltrow', 'Female', '1972-09-27'),
    (65, 'Jodie', 'Foster', 'Female', '1962-11-19'),
    (66, 'Shameik', 'Moore', 'Male', '1995-05-04'),
    (67, 'Jake', 'Johnson', 'Male', '1978-05-28'),
    (68, 'Uma', 'Thurman', 'Female', '1970-04-29'),
    (69, 'David', 'Carradine', 'Male', '1936-12-08'),
    (70, 'Jean', 'Reno', 'Male', '1948-07-30'),
    (71, 'Natalie', 'Portman', 'Female', '1981-06-09'),
    (72, 'Gary', 'Oldman', 'Male', '1958-03-21'),
    (73, 'Mike', 'Meyers', 'Male', '1963-05-25'),
    (74, 'Dana', 'Carvey', 'Male', '1955-06-02'),
    (75, 'Ron', 'O Neal', 'Male', '1937-09-01'),
    (76, 'Sheila', 'Frazier', 'Female', '1948-11-13'),
    (77, 'Jack', 'Black', 'Male', '1969-08-28'),
    (78, 'Joan', 'Cusack', 'Female', '1962-10-11'),
    (79, 'Adam', 'Sandler', 'Male', '1966-09-09'),
    (80, 'Julia', 'Fox', 'Female', '1990-02-02'),
    (81, 'John', 'Candy', 'Male', '1950-10-31'),
    (82, 'Doug E.', 'Doug', 'Male', '1970-01-07'),
    (83, 'Matthew', 'Broderick', 'Male', '1962-03-21'),
    (84, 'Alan', 'Ruck', 'Male', '1956-07-01'),
    (85, 'Mia', 'Sara', 'Female', '1967-06-19'),
    (86, 'Chris', 'Hemsworth', 'Male', '1983-08-11'),
    (87, 'Cate', 'Blanchett', 'Female', '1969-05-14'),
    (88, 'Jason', 'Statham', 'Male', '1967-07-26'),
    (89, 'Shia', 'LaBeouf', 'Male', '1986-06-11'),
    (90, 'Sigourney', 'Weaver', 'Female', '1949-10-08'),
    (91, 'Michael', 'Cera', 'Male', '1988-06-07'),
    (92, 'Wiley', 'Wiggins', 'Male', '1976-11-06'),
    (93, 'Jason', 'London', 'Male', '1972-11-07'),
    (94, 'Robin', 'Williams', 'Males', '1952-07-21'),
    (95, 'Sally', 'Field', 'Female', '1946-11-06'),
    (96, 'Steve', 'Carell', 'Male', '1962-08-16'),
    (97, 'Jason', 'Segel', 'Male', '1980-01-18'),
    (98, 'Kristen', 'Wiig', 'Female', '1973-08-22'),
    (99, 'Will', 'Ferrell', 'Male', '1967-07-16'),
    (100, 'John C.', 'Reily', 'Male', '1965-05-24'),
    (101, 'Sacha', 'Baron Cohen', 'Male', '1971-10-13'),
    (102, 'Javier', 'Bardem', 'Male', '1969-03-01'),
    (103, 'Jean-Claude', 'Van Damme', 'Male', '1960-10-18'),
    (104, 'Donald', 'Gibb', 'Male', '1954-08-04'),
    (105, 'Tom', 'Holland', 'Male', '1996-06-01'),
    (106, 'Michael', 'Keaton', 'Male', '1951-09-05'),
    (107, 'Michelle', 'Pfeiffer', 'Female', '1958-04-29'),
    (108, 'Julia', 'Louis-Dreyfus', 'Female', '1961-01-13'),
    (109, 'Clint', 'Eastwood', 'Male', '1930-05-31'),
    (110, 'Eli', 'Wallach', 'Male', '1915-12-07'),
    (111, 'Robin', 'Wright', 'Female', '1966-04-08'),
    (112, 'Martin', 'Sheen', 'Male', '1940-08-03'),
    (113, 'Christian', 'Bale', 'Male', '1974-01-30'),
    (114, 'Heath', 'Ledger', 'Male', '1979-01-22'),
    (115, 'Morgan', 'Freeman', 'Male', '1937-06-01'),
    (116, 'Melanie', 'Laurent', 'Female', '1983-02-21'),
    (117, 'Chris', 'Rock', 'Male', '1965-02-07'),
    (118, 'Bernie', 'Mac', 'Male', '1957-10-05'),
    (119, 'Tim', 'Robbins', 'Male', '1958-10-16'),
    (120, 'Amy', 'Adams', 'Female', '1974-08-20'),
    (121, 'Jeremy', 'Renner', 'Male', '1971-01-07'),
    (122, 'Keanu', 'Reeves', 'Male', '1964-09-02'),
    (123, 'Laurence', 'Fishburne', 'Male', '1961-07-30'),
    (124, 'Ryan', 'Gosling', 'Male', '1980-11-12'),
    (125, 'Sam', 'Neil', 'Male', '1947-11-14'),
    (126, 'Laura', 'Dern', 'Female', '1967-02-10'),
    (127, 'Daniel', 'Kaluuya', 'Male', '1989-02-24'),
    (128, 'Allsion', 'Williams', 'Female', '1988-11-30'),
    (129, 'Lance', 'Crouther', 'Male', '1962-05-26'),
    (130, 'Chris', 'Evans', 'Male', '1981-06-13'),
    (131, 'Robert', 'Downey Jr.', 'Male', '1965-04-04'),
    (132, 'Mark', 'Ruffalo', 'Male', '1967-11-22'),
    (133, 'Matt', 'Damon', 'Male', '1970-10-18'),
    (134, 'Stephen', 'Chow', 'Male', '1962-06-22'),
    (135, 'Qiu', 'Yuen', 'Female', '1950-04-19'),
    (136, 'Thomas Ian', 'Nicholas', 'Male', '1980-07-10'),
    (137, 'Gary', 'Busey', 'Male', '1944-06-29'),
    (138, 'Ed', 'Harris', 'Male', '1950-11-28'),
    (139, 'Felicity', 'Jones', 'Female', '1983-10-17'),
    (140, 'Diego', 'Luna', 'Male', '1979-12-29'),
    (141, 'Sam', 'Worthington', 'Male', '1976-08-02'),
    (142, 'Brad', 'Garrett', 'Male', '1960-04-14'),
    (143, 'Patton', 'Oswalt', 'Male', '1969-01-27'),
    (144, 'Anthony', 'Hopkins', 'Male', '1937-12-31'),
    (145, 'Macaulay', 'Culkin', 'Male', '1980-08-26'),
    (146, 'Daniel', 'Stern', 'Male', '1957-08-28'),
    (147, 'Zach', 'Galifianakis', 'Male', '1969-10-01'),
    (148, 'Emma', 'Stone', 'Female', '1988-11-06'),
    (149, 'Jack', 'Nicholson', 'Male', '1937-04-22'),
    (150, 'Shelley', 'Duvall', 'Female', '1949-07-07'),
    (151, 'Judi', 'Dench', 'Female', '1934-12-09'),
    (152, 'Albert', 'Brooks', 'Male', '1947-07-22'),
    (153, 'Ellen', 'DeGeneres', 'Female', '1958-01-26'),
    (154, 'Hugh', 'Jackman', 'Male', '1968-10-12'),
    (155, 'Mel', 'Gibson', 'Male', '1956-01-03'),
    (156, 'Sophie', 'Marceau', 'Female', '1966-11-17'),
    (157, 'Gene', 'Hackman', 'Male', '1930-01-30'),
    (158, 'Sylvester', 'Stallone', 'Male', '1946-07-06'),
    (159, 'Talia', 'Shire', 'Female', '1946-04-25'),
    (160, 'Craig T.', 'Nelson', 'Male', '1944-04-04'),
    (161, 'Holly', 'Hunter', 'Female', '1958-03-20'),
    (162, 'Christian', 'Slater', 'Male', '1969-08-18'),
    (163, 'Patricia', 'Arquette', 'Female', '1968-04-08'),
    (164, 'Paul', 'Newman', 'Male', '1925-01-26'),
    (165, 'Robert', 'Redford', 'Male', '1936-08-18'),
    (166, 'Tim Blake', 'Nelson', 'Male', '1964-05-11'),
    (167, 'Clancy', 'Brown', 'Male', '1959-01-05'),
    (168, 'Toshiro', 'Mifune', 'Male', '1920-04-01'),
    (169, 'Takashi', 'Shimura', 'Male', '1905-03-12'),
    (170, 'Christina', 'Applegate', 'Female', '1971-11-25'),
    (171, 'Lily', 'James', 'Female', '1989-04-05'),
    (172, 'Channing', 'Tatum', 'Male', '1980-04-26'),
    (173, 'Adam', 'Driver', 'Male', '1983-11-19'),
    (174, 'William H.', 'Macy', 'Male', '1950-03-13'),
    (175, 'Steve', 'Buscemi', 'Male', '1957-12-13');

insert credit (actorID, movieID, role) values
	(1, 1, 'The Dude'),
	(2, 1, 'Walter Sobchak'),
	(3, 1, 'Maude Lebowski'),
	(4, 2, 'Max Rockatansky'),
	(5, 2, 'Imperator Furiosa'),
	(6, 3, 'Tony Lip'),
    (7, 3, 'Dr. Donald Shirley'),
    (8, 4, 'Django'),
    (9, 4, 'Calvin Candie'),
    (10, 4, 'Dr. King Schultz'),
    (11, 5, 'Cooper'),
    (12, 5, 'Murph'),
    (9, 6, 'Jordan Belfort'),
    (13, 6, 'Donnie Azoff'),
    (14, 6, 'Naomi Lapaglia'),
    (11, 6, 'Mark Hanna'),
    (15, 7, 'Tulio'),
    (16, 7, 'Miguel'),
    (17, 8, 'Jake Shuttlesworth'),
    (18, 8, 'Jesus Shuttlesworth'),
    (19, 9, 'Rick Deckard'),
    (20, 9, 'Rachael'),
    (21, 10, 'Chief'),
    (22, 10, 'Interpreter Nelson'),
    (23, 11, 'Sunny'),
    (24, 11, 'Dabney'),
    (1, 12, 'Kevin Flynn / Clu'),
    (25, 12, 'Alan Bradley / Tron'),
    (26, 13, 'Peter Quill'),
    (27, 13, 'Gamora'),
    (28, 14, 'Jojo'),
    (29, 14, 'Rosie'),
    (30, 15, 'Woody'),
    (31, 15, 'Buzz'),
    (32, 16, 'Bobby Green'),
    (33, 16, 'Joseph Grusinsky'),
    (34, 17, 'Benoit Blanc'),
    (35, 17, 'Marta Cabrera'),
    (36, 18, 'Don Vito Corleone'),
    (37, 18, 'Michael Corleone'),
    (38, 19, 'Ki Taek'),
    (39, 19, 'Ki Jung'),
    (40, 20, 'Dr. Dave Bowman'),
    (41, 20, 'Dr. Frank Poole'),
    (42, 21, 'Henry Hill'),
    (43, 21, 'James Conway'),
    (44, 21, 'Tommy DeVito'),
    (45, 22, 'Alita'),
    (10, 22, 'Dr. Dyson Ido'),
    (46, 23, 'The Narrator'),
    (47, 23, 'Tyler Durden'),
    (48, 23, 'Marla Singer'),
    (49, 24, 'Rorschach'),
    (50, 24, 'Dan Dreiberg / Nite Owl'),
    (51, 24, 'Laure Jupiter / Silk Spectre II'),
    (52, 25, 'Thomas Wake'),
    (53, 25, 'Thomas Howard'),
    (54, 26, 'WALL-E / M-O'),
    (55, 26, 'EVE'),
    (56, 27, 'Tommy'),
    (57, 27, 'George'),
    (4, 27, 'Farrier'),
    (47, 28, 'Gerry Lane'),
    (58, 28, 'Karin Lane'),
    (59, 29, 'Mikey'),
    (60, 29, 'Brand'),
    (61, 30, 'Kaneda'),
    (62, 30, 'Tetsuo'),
    (63, 31, 'Chas Tenenbaum'),
    (64, 31, 'Margot Tenenbaum'),
    (43, 32, 'Travis Bickle'),
    (65, 32, 'Iris'),
    (66, 33, 'Miles Morales'),
    (67, 33, 'Peter B. Parker'),
    (68, 34, 'The Bride'),
    (69, 34, 'Bill'),
    (70, 35, 'Leon'),
    (71, 35, 'Mathilda'),
    (72, 35, 'Stansfield'),
    (73, 36, 'Wayne Campbell'),
    (74, 36, 'Garth Algar'),
    (75, 37, 'Priest'),
    (76, 37, 'Georgia'),
    (77, 38, 'Dewey Finn'),
    (78, 38, 'Rosalie Mullins'),
    (79, 39, 'Howard Ratner'),
    (80, 39, 'Julia De Fiore'),
    (81, 40, 'Irv'),
    (82, 40, 'Sanka Coffie'),
    (83, 41, 'Ferris Bueller'),
    (84, 41, 'Cameron Frye'),
    (85, 41, 'Sloane Peterson'),
    (86, 42, 'Thor'),
    (87, 42, 'Hela'),
    (88, 43, 'Turkish'),
    (47, 43, 'Mickey O Neil'),
    (9, 44, 'Hugh Glass'),
    (4, 44, 'John Fitzgerald'),
    (89, 45, 'Stanley Yelnats'),
    (90, 45, 'The Warden'),
    (91, 46, 'Evan'),
    (13, 46, 'Seth'),
    (92, 47, 'Mitch Kramer'),
    (93, 47, 'Pink'),
    (11, 47, 'Wooderson'),
    (94, 48, 'Daniel Hillard / Mrs. Doubtfire'),
    (95, 48, 'Miranda Hillard'),
    (96, 49, 'Gru'),
    (97, 49, 'Vector'),
    (98, 49, 'Miss Hattie'),
    (99, 50, 'Ricky Bobby'),
    (100, 50, 'Cal Naughton Jr.'),
    (101, 50, 'Jean Girard'),
    (60, 51, 'Llewelyn Moss'),
    (102, 51, 'Anton Chigurh'),
    (103, 52, 'Frank Dux'),
    (104, 52, 'Jackson'),
    (105, 53, 'Peter Parker / Spider-Man'),
    (106, 53, 'Adrian Toomes / Vulture'),
    (37, 54, 'Tony Montana'),
    (107, 54, 'Elvira'),
    (105, 55, 'Ian Lightfoot'),
    (26, 55, 'Barley Lightfoot'),
    (108, 55, 'Laurel Lightfoot'),
    (109, 56, 'Blondie'),
    (110, 56, 'Tuco'),
    (30, 57, 'Forrest Gump'),
    (111, 57, 'Jenny Curran'),
    (112, 58, 'Captain Benjamin L. Willard'),
    (36, 58, 'Colonel Walter E. Kurtz'),
    (113, 59, 'Bruce Wayne'),
    (114, 59, 'Joker'),
    (72, 59, 'Gordon'),
    (47, 60, 'Mills'),
    (115, 60, 'Somerset'),
    (64, 60, 'Tracy'),
    (47, 61, 'Lt. Aldo Raine'),
    (116, 61, 'Shosanna'),
    (10, 61, 'Col. Hans Landa'),
    (117, 62, 'Mayes Gilliam'),
    (118, 62, 'Mitch Gilliam'),
    (119, 63, 'Andy Dufresne'),
    (115, 63, 'Red Redding'),
    (120, 64, 'Louise Parker'),
    (121, 64, 'Ian Donnelly'),
    (122, 65, 'Neo'),
    (123, 65, 'Morpheus'),
    (114, 66, 'Michael Burry'),
    (96, 66, 'Mark Baum'),
    (124, 66, 'Jared Vennett'),
    (125, 67, 'Grant'),
    (126, 67, 'Ellie'),
    (127, 68, 'Chris Washington'),
    (128, 68, 'Rose Armitage'),
    (124, 69, 'Driver'),
    (21, 69, 'Shannon'),
    (129, 70, 'Pootie Tang'),
    (117, 70, 'JB'),
    (130, 71, 'Steve Rogers / Captain America'),
    (131, 71, 'Tony Stark / Iron Man'),
    (132, 71, 'Bruce Banner / The Incredible Hulk'),
    (29, 71, 'Natasha Romanoff / Black Widow'),
    (64, 71, 'Pepper Potts'),
    (86, 71, 'Thor'),
    (121, 71, 'Clint Barton / Hawkeye'),
    (133, 72, 'Mike McDermott'),
    (46, 72, 'Worm'),
    (134, 73, 'Sing'),
    (135, 73, 'Landlady'),
    (136, 74, 'Henry Rowengartner'),
    (137, 74, 'Chet Steadman'),
    (130, 75, 'Curtis'),
    (138, 75, 'Wilford'),
    (139, 76, 'Jyn Erso'),
    (140, 76, 'Cassian Andor'),
    (43, 77, 'Frank Sheeran'),
    (44, 77, 'Russell Buflino'),
    (37, 77, 'Jimmy Hoffa'),
    (141, 78, 'Jake Sully'),
    (27, 78, 'Neytiri'),
    (113, 79, 'Dick Cheney'),
    (120, 79, 'Lynne Cheney'),
    (96, 79, 'Donald Rumsfeld'),
    (142, 80, 'Gusteau'),
    (143, 80, 'Remy'),
    (65, 81, 'Clarice Starling'),
    (144, 81, 'Dr. Hannibal Lecter'),
    (145, 82, 'Kevin McCallister'),
    (44, 82, 'Harry'),
    (146, 82, 'Marv'),
    (106, 83, 'Riggan'),
    (147, 83, 'Jake'),
    (46, 83, 'Mike'),
    (148, 83, 'Sam'),
    (149, 84, 'Jack Torrance'),
    (150, 84, 'Wendy Torrance'),
    (34, 85, 'James Bond'),
    (151, 85, 'M'),
    (9, 86, 'Billy'),
    (134, 86, 'Collin Sullivan'),
    (149, 86, 'Frank Costello'),
    (113, 86, 'Queenan'),
    (152, 87, 'Marlin'),
    (153, 87, 'Dory'),
    (113, 88, 'Alfred Borden'),
    (154, 88, 'Robert Angier'),
    (29, 88, 'Olivia Wenscombe'),
    (155, 89, 'William Wallace'),
    (156, 89, 'Princess Isabelle'),
    (109, 90, 'Bill Murray'),
    (157, 90, 'Little Bill Daggett'),
    (115, 90, 'Ned Logan'),
    (158, 91, 'Rocky Balboa'),
    (159, 91, 'Adrian'),
    (160, 92, 'Bob Parr / Mr. Incredible'),
    (161, 92, 'Helen Parr / Elastigirl'),
    (162, 93, 'Clarence Worley'),
    (163, 93, 'Alabama Whitman'),
    (72, 93, 'Drexl Spivey'),
    (164, 94, 'Henry Gondorff'),
    (165, 94, 'Johnny Hooker'),
    (166, 95, 'Buster Scruggs'),
    (167, 95, 'Curly Joe'),
    (168, 96, 'Kikuchiyo'),
    (169, 96, 'Kambei Shimada'),
    (99, 97, 'Ron Burgandy'),
    (170, 97, 'Veronica Corningstone'),
    (96, 97, 'Brick Tamland'),
    (72, 98, 'Winston Churchill'),
    (171, 98, 'Elizabeth Layton'),
    (172, 99, 'Jimmy Logan'),
    (173, 99, 'Clyde Logan'),
    (34, 99, 'Joe Bang'),
    (174, 100, 'Jerry Lundegaard'),
    (22, 100, 'Marge Gunderson'),
    (175, 100, 'Carl Showalter');